{
    "CNN-S-3-RL-exploration-PML (CNN-S)": 2.9200000426499173e-05,
    "CNN-S-3-RL-exploration-PML (CNN-G)": 0.00015410000924021006,
    "CNN-S-3-RL-decay-PML (CNN-S)": 4.350000017439015e-05,
    "CNN-S-3-RL-decay-PML (CNN-G)": 0.00015409999468829483,
    "CNN-S-3-RL-exploitation-PML (CNN-S)": 3.430000288062729e-05,
    "CNN-S-3-RL-exploitation-PML (CNN-G)": 0.0001539999939268455,
    "CNN-S-3-RL-exploration-CNN-G (CNN-S)": 8.239999442594126e-05,
    "CNN-S-3-RL-exploration-CNN-G (CNN-G)": 0.00011359999189153314,
    "CNN-S-3-RL-decay-CNN-G (CNN-S)": 7.300000288523734e-05,
    "CNN-S-3-RL-decay-CNN-G (CNN-G)": 0.00012680000509135425,
    "CNN-S-3-RL-exploitation-CNN-G (CNN-S)": 6.989999383222312e-05,
    "CNN-S-3-RL-exploitation-CNN-G (CNN-G)": 0.0001314999972237274,
    "CNN-S-5-RL-exploration-CNN-G (CNN-S)": 1.2100000276404899e-05,
    "CNN-S-5-RL-exploration-CNN-G (CNN-G)": 4.629999602911994e-05,
    "CNN-S-5-RL-decay-CNN-G (CNN-S)": 2.8599999495781958e-05,
    "CNN-S-5-RL-decay-CNN-G (CNN-G)": 6.130000110715628e-05,
    "CNN-S-5-RL-exploitation-CNN-G (CNN-S)": 3.640000068116933e-05,
    "CNN-S-5-RL-exploitation-CNN-G (CNN-G)": 6.089999442338012e-05,
    "CNN-S-7-RL-exploration-CNN-G (CNN-S)": 2.409999979136046e-05,
    "CNN-S-7-RL-exploration-CNN-G (CNN-G)": 6.289999146247283e-05,
    "CNN-S-7-RL-decay-CNN-G (CNN-S)": 2.0999998014303856e-05,
    "CNN-S-7-RL-decay-CNN-G (CNN-G)": 6.969999958528206e-05,
    "CNN-S-7-RL-exploitation-CNN-G (CNN-S)": 3.1299998227041215e-05,
    "CNN-S-7-RL-exploitation-CNN-G (CNN-G)": 7.579999510198832e-05,
    "CNN-S-3-PD-PML (CNN-S)": 4.53000029665418e-05,
    "CNN-S-3-PD-PML (CNN-G)": 0.00013410000246949494,
    "CNN-S-3-PD-CNN-G (CNN-S)": 0.00010359999578213319,
    "CNN-S-3-PD-CNN-G (CNN-G)": 0.00030270000570453703,
    "CNN-S-5-PD-CNN-G (CNN-S)": 3.850000211969018e-05,
    "CNN-S-5-PD-CNN-G (CNN-G)": 4.989999797544442e-05,
    "CNN-S-7-PD-CNN-G (CNN-S)": 2.990000029967632e-05,
    "CNN-S-7-PD-CNN-G (CNN-G)": 4.730000364361331e-05,
    "CNN-S-9-PD-CNN-G (CNN-S)": 5.949999831500463e-05,
    "CNN-S-9-PD-CNN-G (CNN-G)": 0.0009016000549308956
}