{
    "CNN-S-3-RL-exploration-PML": [
        [
            0.9146485328674316,
            9.999999974752427e-07,
            8.000000093488779e-07,
            7.200000254670158e-06
        ],
        [
            3.3000001167238224e-06,
            0.01944359950721264,
            5.100000180391362e-06,
            1.3999999737279722e-06
        ],
        [
            1.2000000424450263e-06,
            6.70000008540228e-06,
            0.019425399601459503,
            3.000000106112566e-07
        ],
        [
            1.0000000116860974e-07,
            6.999999868639861e-07,
            1.3999999737279722e-06,
            0.04645330086350441
        ]
    ],
    "CNN-S-3-RL-decay-PML": [
        [
            0.9146175980567932,
            2.499999936844688e-06,
            1.2500000593718141e-05,
            8.400000297115184e-06
        ],
        [
            2.300000005561742e-06,
            0.019395601004362106,
            4.900000021734741e-06,
            2.300000005561742e-06
        ],
        [
            1.2000000424450263e-06,
            6.100000064179767e-06,
            0.019404999911785126,
            9.000000318337698e-07
        ],
        [
            1.0000000116860974e-07,
            1.2000000424450263e-06,
            1.0999999631167157e-06,
            0.046538300812244415
        ]
    ],
    "CNN-S-3-RL-exploitation-PML": [
        [
            0.9146170020103455,
            1.8000000636675395e-06,
            3.3000001167238224e-06,
            8.300000445160549e-06
        ],
        [
            1.6999999843392288e-06,
            0.019396299496293068,
            5.299999884300632e-06,
            8.000000093488779e-07
        ],
        [
            2.7999999474559445e-06,
            6.199999916134402e-06,
            0.01941250078380108,
            6.000000212225132e-07
        ],
        [
            0.0,
            9.999999974752427e-07,
            2.499999936844688e-06,
            0.046539898961782455
        ]
    ],
    "CNN-S-3-RL-exploration-CNN-G": [
        [
            0.9146209359169006,
            2.010000025620684e-05,
            2.4200000552809797e-05,
            4.399999852466863e-06
        ],
        [
            6.999999868639861e-07,
            0.03729629889130592,
            5.299999884300632e-06,
            8.000000093488779e-07
        ],
        [
            1.3999999737279722e-06,
            5.500000042957254e-06,
            0.0372311994433403,
            8.000000093488779e-07
        ],
        [
            9.999999747378752e-06,
            4.300000000512227e-06,
            4.900000021734741e-06,
            0.010769200511276722
        ]
    ],
    "CNN-S-3-RL-decay-CNN-G": [
        [
            0.9144362211227417,
            1.3900000340072438e-05,
            2.119999953720253e-05,
            3.000000106112566e-07
        ],
        [
            9.999999747378752e-06,
            0.03744960203766823,
            3.000000106112566e-07,
            1.1199999789823778e-05
        ],
        [
            1.6999999843392288e-06,
            0.0,
            0.028442000970244408,
            1.1099999937869143e-05
        ],
        [
            0.0,
            1.2000000424450263e-06,
            2.100000074278796e-06,
            0.019599201157689095
        ]
    ],
    "CNN-S-3-RL-exploitation-CNN-G": [
        [
            0.9144294261932373,
            2.2899999748915434e-05,
            1.590000101714395e-05,
            1.0000000116860974e-07
        ],
        [
            4.900000021734741e-06,
            0.02843870036303997,
            4.0000000467443897e-07,
            1.1900000572495628e-05
        ],
        [
            2.300000005561742e-06,
            0.0,
            0.03740920126438141,
            3.2000000373955118e-06
        ],
        [
            0.0,
            1.3999999737279722e-06,
            6.9000002440589014e-06,
            0.019652800634503365
        ]
    ],
    "CNN-S-5-RL-exploration-CNN-G": [
        [
            0.786653995513916,
            4.0000000467443897e-07,
            1.0999999631167157e-06,
            0.0
        ],
        [
            3.099999958067201e-06,
            0.0902061015367508,
            0.0,
            1.6000000186977559e-06
        ],
        [
            1.500000053056283e-06,
            0.0,
            0.08254700154066086,
            3.000000106112566e-07
        ],
        [
            2.0000000233721948e-07,
            1.6999999843392288e-06,
            2.1999999262334313e-06,
            0.04058080166578293
        ]
    ],
    "CNN-S-5-RL-decay-CNN-G": [
        [
            0.7885065078735352,
            9.000000318337698e-07,
            8.600000001024455e-06,
            0.0
        ],
        [
            4.200000148557592e-06,
            0.10373339802026749,
            0.0,
            2.1999999262334313e-06
        ],
        [
            5.8999999055231456e-06,
            0.0,
            0.08818689733743668,
            1.500000053056283e-06
        ],
        [
            1.0000000116860974e-07,
            2.100000074278796e-06,
            3.099999958067201e-06,
            0.01954459957778454
        ]
    ],
    "CNN-S-5-RL-exploitation-CNN-G": [
        [
            0.7897099256515503,
            2.5200000891345553e-05,
            4.0000000467443897e-07,
            0.0
        ],
        [
            4.099999841855606e-06,
            0.12705069780349731,
            0.0,
            2.0000000233721948e-07
        ],
        [
            2.7000000955013093e-06,
            0.0,
            0.06484650075435638,
            1.500000053056283e-06
        ],
        [
            0.0,
            1.500000053056283e-06,
            8.000000093488779e-07,
            0.018356500193476677
        ]
    ],
    "CNN-S-7-RL-exploration-CNN-G": [
        [
            0.6446093916893005,
            2.499999936844688e-06,
            2.7000000955013093e-06,
            0.0
        ],
        [
            2.6000000161729986e-06,
            0.18245650827884674,
            1.0000000116860974e-07,
            2.6000000161729986e-06
        ],
        [
            3.999999989900971e-06,
            0.0,
            0.11185570061206818,
            2.6000000161729986e-06
        ],
        [
            0.0,
            3.600000127335079e-06,
            3.3999999686784577e-06,
            0.061054300516843796
        ]
    ],
    "CNN-S-7-RL-decay-CNN-G": [
        [
            0.6466625332832336,
            1.6999999843392288e-06,
            2.100000074278796e-06,
            0.0
        ],
        [
            4.800000169780105e-06,
            0.1935843974351883,
            0.0,
            2.100000074278796e-06
        ],
        [
            1.8000000636675395e-06,
            0.0,
            0.10481999814510345,
            1.9000000293090125e-06
        ],
        [
            0.0,
            4.999999987376214e-07,
            6.100000064179767e-06,
            0.05491210147738457
        ]
    ],
    "CNN-S-7-RL-exploitation-CNN-G": [
        [
            0.6508656144142151,
            4.099999841855606e-06,
            3.099999958067201e-06,
            0.0
        ],
        [
            9.100000170292333e-06,
            0.21081510186195374,
            0.0,
            2.300000005561742e-06
        ],
        [
            2.100000074278796e-06,
            0.0,
            0.0956215038895607,
            1.6999999843392288e-06
        ],
        [
            0.0,
            3.3999999686784577e-06,
            5.500000042957254e-06,
            0.04266650229692459
        ]
    ],