{
    "CNN-S-3-RL-exploration-PML": 2.9200000426499173e-05,
    "CNN-S-3-RL-decay-PML": 4.350000017439015e-05,
    "CNN-S-3-RL-exploitation-PML": 3.430000288062729e-05,
    "CNN-S-3-RL-exploration-CNN-G": 8.239999442594126e-05,
    "CNN-S-3-RL-decay-CNN-G": 7.300000288523734e-05,
    "CNN-S-3-RL-exploitation-CNN-G": 6.989999383222312e-05,
    "CNN-S-5-RL-exploration-CNN-G": 1.2100000276404899e-05,
    "CNN-S-5-RL-decay-CNN-G": 2.8599999495781958e-05,
    "CNN-S-5-RL-exploitation-CNN-G": 3.640000068116933e-05,
    "CNN-S-7-RL-exploration-CNN-G": 2.409999979136046e-05,
    "CNN-S-7-RL-decay-CNN-G": 2.0999998014303856e-05,
    "CNN-S-7-RL-exploitation-CNN-G": 3.1299998227041215e-05,
    "CNN-S-3-PD-PML": 4.53000029665418e-05,
    "CNN-S-3-PD-CNN-G": 0.00010359999578213319,
    "CNN-S-5-PD-CNN-G": 3.850000211969018e-05,
    "CNN-S-7-PD-CNN-G": 2.990000029967632e-05,
    "CNN-S-9-PD-CNN-G": 5.949999831500463e-05
}