{
    "3-PML": [
        [
            0.9144712090492249,
            1.0210814252786804e-05,
            2.1363608482261043e-07,
            4.0904815250542015e-06
        ],
        [
            1.707089040792198e-06,
            0.02843211218714714,
            3.409094802009349e-07,
            4.235716062339634e-07
        ],
        [
            7.819855909474427e-07,
            6.011669029248878e-06,
            0.019615398719906807,
            1.116460953198839e-05
        ],
        [
            4.277035259292461e-07,
            6.843499136266473e-07,
            7.849141638871515e-07,
            0.037445325404405594
        ]
    ],
    "3-CNN-G-1": [
        [
            0.9145981073379517,
            3.3700001949910074e-05,
            4.310000076657161e-05,
            3.3999999686784577e-06
        ],
        [
            9.760000102687627e-05,
            0.02816300094127655,
            0.0,
            9.359999967273325e-05
        ],
        [
            5.100000180391362e-06,
            1.2000000424450263e-06,
            0.046309199184179306,
            1.0300000212737359e-05
        ],
        [
            2.1999999262334313e-06,
            4.500000159168849e-06,
            7.999999979801942e-06,
            0.010626999661326408
        ]
    ],
    "3-CNN-G-2": [
        [
            0.9146941900253296,
            2.2899999748915434e-05,
            4.0800001443130895e-05,
            1.0000000116860974e-07
        ],
        [
            3.999999989900971e-06,
            0.02817239984869957,
            3.000000106112566e-07,
            4.399999852466863e-06
        ],
        [
            3.3000001167238224e-06,
            1.0000000116860974e-07,
            0.04631450027227402,
            1.9000000293090125e-06
        ],
        [
            1.500000053056283e-06,
            7.000000096013537e-06,
            4.699999863078119e-06,
            0.010727900080382824
        ]
    ],
    "3-CNN-G-3": [
        [
            0.9146987199783325,
            2.049999966402538e-05,
            4.1300001612398773e-05,
            3.000000106112566e-07
        ],
        [
            2.7999999474559445e-06,
            0.02818010002374649,
            4.0000000467443897e-07,
            3.0899998819222674e-05
        ],
        [
            1.500000053056283e-06,
            1.0000000116860974e-07,
            0.046314701437950134,
            9.999999974752427e-07
        ],
        [
            0.0,
            1.6999999843392288e-06,
            3.900000137946336e-06,
            0.010702100582420826
        ]
    ],
    "5-CNN-G-1": [
        [
            0.7892889380455017,
            1.8700000509852543e-05,
            1.2100000276404899e-05,
            0.0
        ],
        [
            5.299999884300632e-06,
            0.10290130227804184,
            0.0,
            2.7999999474559445e-06
        ],
        [
            4.200000148557592e-06,
            0.0,
            0.09516680240631104,
            3.000000106112566e-06
        ],
        [
            0.0,
            2.7999999474559445e-06,
            9.999999974752427e-07,
            0.012593099847435951
        ]
    ],
    "5-CNN-G-2": [
        [
            0.7892901301383972,
            1.5999999959603883e-05,
            1.4400000509340316e-05,
            0.0
        ],
        [
            4.600000011123484e-06,
            0.1029048040509224,
            0.0,
            1.9999999949504854e-06
        ],
        [
            3.6999999792897142e-06,
            0.0,
            0.0951647013425827,
            2.7999999474559445e-06
        ],
        [
            0.0,
            1.9999999949504854e-06,
            8.000000093488779e-07,
            0.012594100087881088
        ]
    ],
    "5-CNN-G-3": [
        [
            0.7892900109291077,
            1.0000000116860974e-07,
            7.700000423938036e-06,
            0.0
        ],
        [
            5.700000201613875e-06,
            0.10292159765958786,
            0.0,
            1.8000000636675395e-06
        ],
        [
            2.7000000955013093e-06,
            0.0,
            0.09516970068216324,
            9.000000318337698e-07
        ],
        [
            0.0,
            1.0999999631167157e-06,
            2.499999936844688e-06,
            0.012596200220286846
        ]
    ],
    "7-CNN-G-1": [
        [
            0.6479172110557556,
            1.500000053056283e-06,
            1.52000002344721e-05,
            0.0
        ],
        [
            3.900000137946336e-06,
            0.14176420867443085,
            0.0,
            4.900000021734741e-06
        ],
        [
            1.6600000890321098e-05,
            0.0,
            0.1723095029592514,
            2.0000000233721948e-07
        ],
        [
            0.0,
            4.099999841855606e-06,
            9.000000318337698e-07,
            0.037961799651384354
        ]
    ],
    "7-CNN-G-2": [
        [
            0.6479209065437317,
            1.3999999737279722e-06,
            8.69999985297909e-06,
            0.0
        ],
        [
            1.500000053056283e-06,
            0.14176569879055023,
            0.0,
            2.7999999474559445e-06
        ],
        [
            1.5300000086426735e-05,
            0.0,
            0.17231610417366028,
            4.999999987376214e-07
        ],
        [
            0.0,
            2.7000000955013093e-06,
            8.000000093488779e-07,
            0.03796359896659851
        ]
    ],
    "7-CNN-G-3": [
        [
            0.6479254961013794,
            1.2000000424450263e-06,
            1.1699999959091656e-05,
            0.0
        ],
        [
            8.000000093488779e-07,
            0.1417659968137741,
            0.0,
            2.100000074278796e-06
        ],
        [
            1.140000040322775e-05,
            0.0,
            0.17231260240077972,
            8.000000093488779e-07
        ],
        [
            0.0,
            2.6000000161729986e-06,
            1.3000000080864993e-06,
            0.037964001297950745
        ]
    ],
    "9-CNN-G-1": [
        [
            0.5187172889709473,
            6.630000279983506e-05,
            4.2100000428035855e-05,
            0.0
        ],
        [
            0.00028989999555051327,
            0.2076537013053894,
            2.0000000233721948e-07,
            1.3099999705445953e-05
        ],
        [
            0.0002724000078160316,
            6.999999868639861e-07,
            0.19470509886741638,
            2.3599999622092582e-05
        ],
        [
            4.099999932805076e-05,
            0.00010040000051958486,
            5.190000229049474e-05,
            0.078022301197052
        ]
    ],
    "9-CNN-G-2": [
        [
            0.5192059278488159,
            6.55999974696897e-05,
            4.569999873638153e-05,
            3.619999915827066e-05
        ],
        [
            5.660000169882551e-05,
            0.20772869884967804,
            3.000000106112566e-07,
            1.1000000085914508e-05
        ],
        [
            5.790000068373047e-05,
            4.999999987376214e-07,
            0.19472980499267578,
            1.6600000890321098e-05
        ],
        [
            2.0000000233721948e-07,
            2.6300000172341242e-05,
            2.350000067963265e-05,
            0.07799520343542099
        ]
    ],