{
    "3-PML": 3.6656856536865234e-05,
    "3-CNN-G-1": 0.00030270000570453703,
    "3-CNN-G-2": 9.099999442696571e-05,
    "3-CNN-G-3": 0.00010440000187372789,
    "5-CNN-G-1": 4.989999797544442e-05,
    "5-CNN-G-2": 4.6299999667098746e-05,
    "5-CNN-G-3": 2.2500000341096893e-05,
    "7-CNN-G-1": 4.730000364361331e-05,
    "7-CNN-G-2": 3.369999831193127e-05,
    "7-CNN-G-3": 3.190000279573724e-05,
    "9-CNN-G-1": 0.0009016000549308956,
    "9-CNN-G-2": 0.0003404000017326325,
    "9-CNN-G-3": 0.00030829996103420854
}