{
    "3-PML-exploration": [
        [
            0.9146530032157898,
            5.950286663392035e-07,
            5.950284958089469e-07,
            7.737129635643214e-06
        ],
        [
            1.140930294241116e-06,
            0.019428174942731857,
            5.833955583511852e-06,
            4.454813904430921e-07
        ],
        [
            1.1487252322694985e-06,
            5.8473824537941255e-06,
            0.019428199157118797,
            4.5144034288568946e-07
        ],
        [
            2.1972370234379923e-07,
            5.8721082041302e-07,
            5.872113888472086e-07,
            0.0464661680161953
        ]
    ],
    "3-PML-decay": [
        [
            0.9146530032157898,
            5.922105401623412e-07,
            5.967959850750049e-07,
            7.736134648439474e-06
        ],
        [
            1.1448381656009587e-06,
            0.01942818984389305,
            5.840672656631796e-06,
            4.4847038793704996e-07
        ],
        [
            1.144818043030682e-06,
            5.840661742695374e-06,
            0.019428186118602753,
            4.484506064272864e-07
        ],
        [
            2.2071733951634087e-07,
            5.90029458180652e-07,
            5.854446953890147e-07,
            0.046466171741485596
        ]
    ],
    "3-PML-exploitation": [
        [
            0.9146528840065002,
            5.921532419961295e-07,
            5.949045771558303e-07,
            7.734224709565751e-06
        ],
        [
            1.1448664736235514e-06,
            0.019428186118602753,
            5.841628535563359e-06,
            4.494152108236449e-07
        ],
        [
            1.1448087207099888e-06,
            5.8397240536578465e-06,
            0.019428184255957603,
            4.4752397343472694e-07
        ],
        [
            2.2260793741679663e-07,
            5.900676569581265e-07,
            5.873164923286822e-07,
            0.046466175466775894
        ]
    ],
    "3-CNN-G-exploration": [
        [
            0.9146186113357544,
            2.390000008745119e-05,
            4.310000076657161e-05,
            4.300000000512227e-06
        ],
        [
            2.499999936844688e-06,
            0.037291400134563446,
            5.299999884300632e-06,
            1.9999999949504854e-06
        ],
        [
            2.4000000848900527e-06,
            5.599999894911889e-06,
            0.037210699170827866,
            3.2000000373955118e-06
        ],
        [
            9.500000487605575e-06,
            5.299999884300632e-06,
            6.499999926745659e-06,
            0.010765699669718742
        ]
    ],
    "3-CNN-G-decay": [
        [
            0.9144300222396851,
            2.5999999706982635e-05,
            4.160000025876798e-05,
            3.2000000373955118e-06
        ],
        [
            8.400000297115184e-06,
            0.03742939978837967,
            0.0,
            1.1099999937869143e-05
        ],
        [
            4.500000159168849e-06,
            2.100000074278796e-06,
            0.028416801244020462,
            1.049999991664663e-05
        ],
        [
            4.999999873689376e-06,
            7.200000254670158e-06,
            7.200000254670158e-06,
            0.019596999511122704
        ]
    ],
    "3-CNN-G-exploitation": [
        [
            0.9144179821014404,
            2.5499999537714757e-05,
            4.600000102072954e-05,
            0.0
        ],
        [
            7.700000423938036e-06,
            0.02843409962952137,
            1.2000000424450263e-06,
            1.9999999494757503e-05
        ],
        [
            7.000000096013537e-06,
            6.000000212225132e-07,
            0.03737509995698929,
            6.70000008540228e-06
        ],
        [
            3.900000137946336e-06,
            2.7999999474559445e-06,
            1.0100000508828089e-05,
            0.019641300663352013
        ]
    ],
    "5-CNN-G-exploration": [
        [
            0.7866472005844116,
            7.500000265281415e-06,
            4.099999841855606e-06,
            2.0000000233721948e-07
        ],
        [
            5.8999999055231456e-06,
            0.09019570052623749,
            0.0,
            3.999999989900971e-06
        ],
        [
            5.700000201613875e-06,
            0.0,
            0.08253969997167587,
            7.3999999585794285e-06
        ],
        [
            0.0,
            4.999999873689376e-06,
            6.499999926745659e-06,
            0.040571101009845734
        ]
    ],
    "5-CNN-G-decay": [
        [
            0.7885075807571411,
            1.5300000086426735e-05,
            1.7500000467407517e-05,
            0.0
        ],
        [
            4.300000000512227e-06,
            0.10371609777212143,
            0.0,
            6.9000002440589014e-06
        ],
        [
            4.699999863078119e-06,
            0.0,
            0.08817669749259949,
            3.099999958067201e-06
        ],
        [
            1.0000000116860974e-07,
            4.999999873689376e-06,
            4.399999852466863e-06,
            0.01953830011188984
        ]
    ],
    "5-CNN-G-exploitation": [
        [
            0.7897040247917175,
            3.3399999665562063e-05,
            3.2000000373955118e-06,
            0.0
        ],
        [
            1.2399999832268804e-05,
            0.1270425021648407,
            0.0,
            9.000000318337698e-07
        ],
        [
            3.000000106112566e-07,
            0.0,
            0.06484030187129974,
            4.999999873689376e-06
        ],
        [
            0.0,
            1.500000053056283e-06,
            4.200000148557592e-06,
            0.01835229992866516
        ]
    ],
    "7-CNN-G-exploration": [
        [
            0.6445966958999634,
            7.500000265281415e-06,
            4.399999852466863e-06,
            1.0000000116860974e-07
        ],
        [
            1.3699999726668466e-05,
            0.18244870007038116,
            0.0,
            2.7999999474559445e-06
        ],
        [
            5.4000001910026185e-06,
            1.0000000116860974e-07,
            0.11184220016002655,
            7.099999947968172e-06
        ],
        [
            2.0000000233721948e-07,
            6.300000222836388e-06,
            1.5300000086426735e-05,
            0.06104950234293938
        ]
    ],
    "7-CNN-G-decay": [
        [
            0.6466423273086548,
            1.160000010713702e-05,
            2.100000074278796e-06,
            0.0
        ],
        [
            2.4599999960628338e-05,
            0.1935718059539795,
            1.0000000116860974e-07,
            1.3000000080864993e-06
        ],
        [
            2.1999999262334313e-06,
            0.0,
            0.10481010377407074,
            8.69999985297909e-06
        ],
        [
            0.0,
            3.2000000373955118e-06,
            1.590000101714395e-05,
            0.054906100034713745
        ]
    ],
    "7-CNN-G-exploitation": [
        [
            0.650846004486084,
            1.7500000467407517e-05,
            8.000000093488779e-07,
            0.0
        ],
        [
            2.8300000849412754e-05,
            0.21080319583415985,
            0.0,
            1.500000053056283e-06
        ],
        [
            2.499999936844688e-06,
            0.0,
            0.09561379998922348,
            7.800000275892671e-06
        ],
        [
            0.0,
            1.9000000293090125e-06,
            1.5499999790336005e-05,
            0.04266120120882988
        ]
    ]
}